TimeUTC,timestampInMs,requestPath,requestMethod,requestQueryString,responseStatusCode,requestId,requestUserAgent,level,environment,branch,vercelCache,type,function,host,deploymentDomain,deploymentId,durationMs,region,maxMemoryUsed,memorySize,message,projectId,traceId,sessionId,invocationId,instanceId,concurrency
2026-02-12 15:11:44,1770909104302,cyberguard-hjkgv9nyn-abdulrehman-shaikhs-projects.vercel.app/vite.svg,GET,,404,pthqt-1770909104302-23a01dc18b56,vercel-screenshot/1.0,,production,main,,static,/404.html,cyberguard-hjkgv9nyn-abdulrehman-shaikhs-projects.vercel.app,cyberguard-hjkgv9nyn-abdulrehman-shaikhs-projects.vercel.app,dpl_CXTzJd4hfzVcKYTPkeNAwSfQZddw,5,sfo1,,,,prj_hnXtIg8KpEJxmylSbJ8smlatCedN,,,,,
2026-02-12 15:11:44,1770909104079,cyberguard-hjkgv9nyn-abdulrehman-shaikhs-projects.vercel.app/vite.svg,GET,,404,2gjgs-1770909104079-bf735c2eba74,vercel-screenshot/1.0,,production,main,,static,/404.html,cyberguard-hjkgv9nyn-abdulrehman-shaikhs-projects.vercel.app,cyberguard-hjkgv9nyn-abdulrehman-shaikhs-projects.vercel.app,dpl_CXTzJd4hfzVcKYTPkeNAwSfQZddw,2,sfo1,,,,prj_hnXtIg8KpEJxmylSbJ8smlatCedN,,,,,
2026-02-12 15:11:43,1770909103938,cyberguard-hjkgv9nyn-abdulrehman-shaikhs-projects.vercel.app/assets/index-9ed3ab96.css,GET,,404,2gjgs-1770909103938-759da3b88829,vercel-screenshot/1.0,,production,main,,static,/404.html,cyberguard-hjkgv9nyn-abdulrehman-shaikhs-projects.vercel.app,cyberguard-hjkgv9nyn-abdulrehman-shaikhs-projects.vercel.app,dpl_CXTzJd4hfzVcKYTPkeNAwSfQZddw,123,sfo1,,,,prj_hnXtIg8KpEJxmylSbJ8smlatCedN,,,,,
2026-02-12 15:11:43,1770909103937,cyberguard-hjkgv9nyn-abdulrehman-shaikhs-projects.vercel.app/assets/index-bdc8e8c9.js,GET,,404,pcqrx-1770909103937-6c904a70cbe3,vercel-screenshot/1.0,,production,main,,static,/404.html,cyberguard-hjkgv9nyn-abdulrehman-shaikhs-projects.vercel.app,cyberguard-hjkgv9nyn-abdulrehman-shaikhs-projects.vercel.app,dpl_CXTzJd4hfzVcKYTPkeNAwSfQZddw,124,sfo1,,,,prj_hnXtIg8KpEJxmylSbJ8smlatCedN,,,,,
2026-02-12 15:11:43,1770909103872,cyberguard-hjkgv9nyn-abdulrehman-shaikhs-projects.vercel.app/assets/index-9ed3ab96.css,GET,,404,bwbxd-1770909103872-4a50365ceb8c,vercel-screenshot/1.0,,production,main,,static,/404.html,cyberguard-hjkgv9nyn-abdulrehman-shaikhs-projects.vercel.app,cyberguard-hjkgv9nyn-abdulrehman-shaikhs-projects.vercel.app,dpl_CXTzJd4hfzVcKYTPkeNAwSfQZddw,190,sfo1,,,,prj_hnXtIg8KpEJxmylSbJ8smlatCedN,,,,,
2026-02-12 15:11:30,1770909090537,cyberguard-moiylw5wy-abdulrehman-shaikhs-projects.vercel.app/favicon.png,GET,,404,w8xsv-1770909090537-66e7070b954c,vercel-favicon/1.0,,production,main,,static,/404.html,cyberguard-moiylw5wy-abdulrehman-shaikhs-projects.vercel.app,cyberguard-moiylw5wy-abdulrehman-shaikhs-projects.vercel.app,dpl_GYHhCcDB3ADTvk9KkmaFNEDoEZWy,3,sfo1,,,,prj_hnXtIg8KpEJxmylSbJ8smlatCedN,,,,,
2026-02-12 15:11:30,1770909090524,cyberguard-moiylw5wy-abdulrehman-shaikhs-projects.vercel.app/favicon.ico,GET,,404,w8xsv-1770909090524-203ac1d2dfb6,vercel-favicon/1.0,,production,main,,static,/404.html,cyberguard-moiylw5wy-abdulrehman-shaikhs-projects.vercel.app,cyberguard-moiylw5wy-abdulrehman-shaikhs-projects.vercel.app,dpl_GYHhCcDB3ADTvk9KkmaFNEDoEZWy,9,sfo1,,,,prj_hnXtIg8KpEJxmylSbJ8smlatCedN,,,,,
2026-02-12 15:09:33,1770908973903,cyberguard-moiylw5wy-abdulrehman-shaikhs-projects.vercel.app/vite.svg,GET,,404,jq5bw-1770908973903-44aa0999098f,vercel-screenshot/1.0,,production,main,,static,/404.html,cyberguard-moiylw5wy-abdulrehman-shaikhs-projects.vercel.app,cyberguard-moiylw5wy-abdulrehman-shaikhs-projects.vercel.app,dpl_GYHhCcDB3ADTvk9KkmaFNEDoEZWy,5,sfo1,,,,prj_hnXtIg8KpEJxmylSbJ8smlatCedN,,,,,
2026-02-12 15:09:33,1770908973858,cyberguard-moiylw5wy-abdulrehman-shaikhs-projects.vercel.app/vite.svg,GET,,404,rtfzw-1770908973858-2005a0a89a4b,vercel-screenshot/1.0,,production,main,,static,/404.html,cyberguard-moiylw5wy-abdulrehman-shaikhs-projects.vercel.app,cyberguard-moiylw5wy-abdulrehman-shaikhs-projects.vercel.app,dpl_GYHhCcDB3ADTvk9KkmaFNEDoEZWy,2,sfo1,,,,prj_hnXtIg8KpEJxmylSbJ8smlatCedN,,,,,
2026-02-12 15:09:33,1770908973743,cyberguard-moiylw5wy-abdulrehman-shaikhs-projects.vercel.app/assets/index-9ed3ab96.css,GET,,404,rtfzw-1770908973743-4aaec55c9deb,vercel-screenshot/1.0,,production,main,,static,/404.html,cyberguard-moiylw5wy-abdulrehman-shaikhs-projects.vercel.app,cyberguard-moiylw5wy-abdulrehman-shaikhs-projects.vercel.app,dpl_GYHhCcDB3ADTvk9KkmaFNEDoEZWy,97,sfo1,,,,prj_hnXtIg8KpEJxmylSbJ8smlatCedN,,,,,
2026-02-12 15:09:33,1770908973649,cyberguard-moiylw5wy-abdulrehman-shaikhs-projects.vercel.app/assets/index-9ed3ab96.css,GET,,404,ttngw-1770908973649-0ce34d6aa454,vercel-screenshot/1.0,,production,main,,static,/404.html,cyberguard-moiylw5wy-abdulrehman-shaikhs-projects.vercel.app,cyberguard-moiylw5wy-abdulrehman-shaikhs-projects.vercel.app,dpl_GYHhCcDB3ADTvk9KkmaFNEDoEZWy,220,sfo1,,,,prj_hnXtIg8KpEJxmylSbJ8smlatCedN,,,,,
2026-02-12 15:06:09,1770908769487,cyberguard-ozxf2gaqj-abdulrehman-shaikhs-projects.vercel.app/favicon.png,GET,,404,slmzz-1770908769487-b6670c53c096,vercel-favicon/1.0,,production,main,,static,/404.html,cyberguard-ozxf2gaqj-abdulrehman-shaikhs-projects.vercel.app,cyberguard-ozxf2gaqj-abdulrehman-shaikhs-projects.vercel.app,dpl_8owxnZQXpGuw9uQo43WrY3y6GaYp,3,sfo1,,,,prj_hnXtIg8KpEJxmylSbJ8smlatCedN,,,,,
2026-02-12 15:05:50,1770908750623,cyberguard-ozxf2gaqj-abdulrehman-shaikhs-projects.vercel.app/vite.svg,GET,,404,dk2x7-1770908750623-211f684ccb86,vercel-screenshot/1.0,,production,main,,static,/404.html,cyberguard-ozxf2gaqj-abdulrehman-shaikhs-projects.vercel.app,cyberguard-ozxf2gaqj-abdulrehman-shaikhs-projects.vercel.app,dpl_8owxnZQXpGuw9uQo43WrY3y6GaYp,3,sfo1,,,,prj_hnXtIg8KpEJxmylSbJ8smlatCedN,,,,,
2026-02-12 15:05:50,1770908750621,cyberguard-ozxf2gaqj-abdulrehman-shaikhs-projects.vercel.app/vite.svg,GET,,404,rzqcp-1770908750621-54315898d53f,vercel-screenshot/1.0,,production,main,,static,/404.html,cyberguard-ozxf2gaqj-abdulrehman-shaikhs-projects.vercel.app,cyberguard-ozxf2gaqj-abdulrehman-shaikhs-projects.vercel.app,dpl_8owxnZQXpGuw9uQo43WrY3y6GaYp,2,sfo1,,,,prj_hnXtIg8KpEJxmylSbJ8smlatCedN,,,,,
2026-02-12 15:05:50,1770908750519,cyberguard-ozxf2gaqj-abdulrehman-shaikhs-projects.vercel.app/assets/index-9ed3ab96.css,GET,,404,fzbdp-1770908750519-08e93478c007,vercel-screenshot/1.0,,production,main,,static,/404.html,cyberguard-ozxf2gaqj-abdulrehman-shaikhs-projects.vercel.app,cyberguard-ozxf2gaqj-abdulrehman-shaikhs-projects.vercel.app,dpl_8owxnZQXpGuw9uQo43WrY3y6GaYp,87,sfo1,,,,prj_hnXtIg8KpEJxmylSbJ8smlatCedN,,,,,
2026-02-12 15:05:50,1770908750519,cyberguard-ozxf2gaqj-abdulrehman-shaikhs-projects.vercel.app/assets/index-bdc8e8c9.js,GET,,404,dk2x7-1770908750519-8fe3fb27d309,vercel-screenshot/1.0,,production,main,,static,/404.html,cyberguard-ozxf2gaqj-abdulrehman-shaikhs-projects.vercel.app,cyberguard-ozxf2gaqj-abdulrehman-shaikhs-projects.vercel.app,dpl_8owxnZQXpGuw9uQo43WrY3y6GaYp,91,sfo1,,,,prj_hnXtIg8KpEJxmylSbJ8smlatCedN,,,,,
2026-02-12 15:05:50,1770908750512,cyberguard-ozxf2gaqj-abdulrehman-shaikhs-projects.vercel.app/assets/index-9ed3ab96.css,GET,,404,rzqcp-1770908750512-933c102b95d9,vercel-screenshot/1.0,,production,main,,static,/404.html,cyberguard-ozxf2gaqj-abdulrehman-shaikhs-projects.vercel.app,cyberguard-ozxf2gaqj-abdulrehman-shaikhs-projects.vercel.app,dpl_8owxnZQXpGuw9uQo43WrY3y6GaYp,96,sfo1,,,,prj_hnXtIg8KpEJxmylSbJ8smlatCedN,,,,,
2026-02-12 15:05:50,1770908750512,cyberguard-ozxf2gaqj-abdulrehman-shaikhs-projects.vercel.app/assets/index-bdc8e8c9.js,GET,,404,hs5tr-1770908750512-0d19c4b5e93d,vercel-screenshot/1.0,,production,main,,static,/404.html,cyberguard-ozxf2gaqj-abdulrehman-shaikhs-projects.vercel.app,cyberguard-ozxf2gaqj-abdulrehman-shaikhs-projects.vercel.app,dpl_8owxnZQXpGuw9uQo43WrY3y6GaYp,94,sfo1,,,,prj_hnXtIg8KpEJxmylSbJ8smlatCedN,,,,,
2026-02-12 15:01:21,1770908481608,cyberguard-ai-coral.vercel.app/assets/index-9ed3ab96.css,GET,,404,7pppp-1770908481608-195a8f6aa300,"Mozilla/5.0 (Windows NT 10.0; Win64; x64) AppleWebKit/537.36 (KHTML, like Gecko) Chrome/144.0.0.0 Safari/537.36",,production,main,,static,/404.html,cyberguard-ai-coral.vercel.app,cyberguard-ekm2zhezu-abdulrehman-shaikhs-projects.vercel.app,dpl_3ELt9do46n1iH5AKTjtTgUNPDuh1,438,dxb1,,,,prj_hnXtIg8KpEJxmylSbJ8smlatCedN,,,,,
2026-02-12 15:01:21,1770908481598,cyberguard-ai-coral.vercel.app/assets/index-bdc8e8c9.js,GET,,404,rwht9-1770908481598-9bdf18a4e28c,"Mozilla/5.0 (Windows NT 10.0; Win64; x64) AppleWebKit/537.36 (KHTML, like Gecko) Chrome/144.0.0.0 Safari/537.36",,production,main,,static,/404.html,cyberguard-ai-coral.vercel.app,cyberguard-ekm2zhezu-abdulrehman-shaikhs-projects.vercel.app,dpl_3ELt9do46n1iH5AKTjtTgUNPDuh1,448,dxb1,,,,prj_hnXtIg8KpEJxmylSbJ8smlatCedN,,,,,
2026-02-12 15:01:12,1770908472465,cyberguard-ekm2zhezu-abdulrehman-shaikhs-projects.vercel.app/favicon.png,GET,,404,86kcj-1770908472465-10524cf52d20,vercel-favicon/1.0,,production,main,,static,/404.html,cyberguard-ekm2zhezu-abdulrehman-shaikhs-projects.vercel.app,cyberguard-ekm2zhezu-abdulrehman-shaikhs-projects.vercel.app,dpl_3ELt9do46n1iH5AKTjtTgUNPDuh1,2,sfo1,,,,prj_hnXtIg8KpEJxmylSbJ8smlatCedN,,,,,
2026-02-12 15:01:12,1770908472451,cyberguard-ekm2zhezu-abdulrehman-shaikhs-projects.vercel.app/favicon.ico,GET,,404,86kcj-1770908472451-069a0b4ee7af,vercel-favicon/1.0,,production,main,,static,/404.html,cyberguard-ekm2zhezu-abdulrehman-shaikhs-projects.vercel.app,cyberguard-ekm2zhezu-abdulrehman-shaikhs-projects.vercel.app,dpl_3ELt9do46n1iH5AKTjtTgUNPDuh1,10,sfo1,,,,prj_hnXtIg8KpEJxmylSbJ8smlatCedN,,,,,
2026-02-12 15:01:12,1770908472372,cyberguard-ekm2zhezu-abdulrehman-shaikhs-projects.vercel.app/vite.svg,GET,,404,vj2zp-1770908472372-a62710bf764d,vercel-favicon/1.0,,production,main,,static,/404.html,cyberguard-ekm2zhezu-abdulrehman-shaikhs-projects.vercel.app,cyberguard-ekm2zhezu-abdulrehman-shaikhs-projects.vercel.app,dpl_3ELt9do46n1iH5AKTjtTgUNPDuh1,4,sfo1,,,,prj_hnXtIg8KpEJxmylSbJ8smlatCedN,,,,,
2026-02-12 15:01:09,1770908469191,cyberguard-ekm2zhezu-abdulrehman-shaikhs-projects.vercel.app/vite.svg,GET,,404,w8lwc-1770908469191-c29b8e845f24,vercel-screenshot/1.0,,production,main,,static,/404.html,cyberguard-ekm2zhezu-abdulrehman-shaikhs-projects.vercel.app,cyberguard-ekm2zhezu-abdulrehman-shaikhs-projects.vercel.app,dpl_3ELt9do46n1iH5AKTjtTgUNPDuh1,8,sfo1,,,,prj_hnXtIg8KpEJxmylSbJ8smlatCedN,,,,,
2026-02-12 15:01:09,1770908469137,cyberguard-ekm2zhezu-abdulrehman-shaikhs-projects.vercel.app/vite.svg,GET,,404,w7lxk-1770908469137-d3099a0151dc,vercel-screenshot/1.0,,production,main,,static,/404.html,cyberguard-ekm2zhezu-abdulrehman-shaikhs-projects.vercel.app,cyberguard-ekm2zhezu-abdulrehman-shaikhs-projects.vercel.app,dpl_3ELt9do46n1iH5AKTjtTgUNPDuh1,2,sfo1,,,,prj_hnXtIg8KpEJxmylSbJ8smlatCedN,,,,,
2026-02-12 15:01:09,1770908469128,cyberguard-ekm2zhezu-abdulrehman-shaikhs-projects.vercel.app/assets/index-bdc8e8c9.js,GET,,404,w8lwc-1770908469128-4091d45f7668,vercel-screenshot/1.0,,production,main,,static,/404.html,cyberguard-ekm2zhezu-abdulrehman-shaikhs-projects.vercel.app,cyberguard-ekm2zhezu-abdulrehman-shaikhs-projects.vercel.app,dpl_3ELt9do46n1iH5AKTjtTgUNPDuh1,47,sfo1,,,,prj_hnXtIg8KpEJxmylSbJ8smlatCedN,,,,,
2026-02-12 15:01:09,1770908469128,cyberguard-ekm2zhezu-abdulrehman-shaikhs-projects.vercel.app/assets/index-9ed3ab96.css,GET,,404,r2wsh-1770908469128-652b0a570c0a,vercel-screenshot/1.0,,production,main,,static,/404.html,cyberguard-ekm2zhezu-abdulrehman-shaikhs-projects.vercel.app,cyberguard-ekm2zhezu-abdulrehman-shaikhs-projects.vercel.app,dpl_3ELt9do46n1iH5AKTjtTgUNPDuh1,6,sfo1,,,,prj_hnXtIg8KpEJxmylSbJ8smlatCedN,,,,,
2026-02-12 15:01:09,1770908469033,cyberguard-ekm2zhezu-abdulrehman-shaikhs-projects.vercel.app/assets/index-bdc8e8c9.js,GET,,404,xltph-1770908469033-7ad8acb76905,vercel-screenshot/1.0,,production,main,,static,/404.html,cyberguard-ekm2zhezu-abdulrehman-shaikhs-projects.vercel.app,cyberguard-ekm2zhezu-abdulrehman-shaikhs-projects.vercel.app,dpl_3ELt9do46n1iH5AKTjtTgUNPDuh1,84,sfo1,,,,prj_hnXtIg8KpEJxmylSbJ8smlatCedN,,,,,
2026-02-12 15:01:09,1770908469033,cyberguard-ekm2zhezu-abdulrehman-shaikhs-projects.vercel.app/assets/index-9ed3ab96.css,GET,,404,w7lxk-1770908469033-c4633ab47e80,vercel-screenshot/1.0,,production,main,,static,/404.html,cyberguard-ekm2zhezu-abdulrehman-shaikhs-projects.vercel.app,cyberguard-ekm2zhezu-abdulrehman-shaikhs-projects.vercel.app,dpl_3ELt9do46n1iH5AKTjtTgUNPDuh1,84,sfo1,,,,prj_hnXtIg8KpEJxmylSbJ8smlatCedN,,,,,
2026-02-12 14:58:35,1770908315813,cyberguard-4ufw5x4qz-abdulrehman-shaikhs-projects.vercel.app/favicon.png,GET,,404,9p854-1770908315813-b440f5ddd282,vercel-favicon/1.0,,production,main,,static,/404.html,cyberguard-4ufw5x4qz-abdulrehman-shaikhs-projects.vercel.app,cyberguard-4ufw5x4qz-abdulrehman-shaikhs-projects.vercel.app,dpl_2e6D4PZfk2YYh4rEMAGhBq9G2PUQ,3,sfo1,,,,prj_hnXtIg8KpEJxmylSbJ8smlatCedN,,,,,
2026-02-12 14:58:35,1770908315804,cyberguard-4ufw5x4qz-abdulrehman-shaikhs-projects.vercel.app/favicon.ico,GET,,404,bwqfp-1770908315804-5f4227871c32,vercel-favicon/1.0,,production,main,,static,/404.html,cyberguard-4ufw5x4qz-abdulrehman-shaikhs-projects.vercel.app,cyberguard-4ufw5x4qz-abdulrehman-shaikhs-projects.vercel.app,dpl_2e6D4PZfk2YYh4rEMAGhBq9G2PUQ,4,sfo1,,,,prj_hnXtIg8KpEJxmylSbJ8smlatCedN,,,,,
2026-02-12 14:58:35,1770908315727,cyberguard-4ufw5x4qz-abdulrehman-shaikhs-projects.vercel.app/vite.svg,GET,,404,sjfw9-1770908315727-fb559852cb0c,vercel-favicon/1.0,,production,main,,static,/404.html,cyberguard-4ufw5x4qz-abdulrehman-shaikhs-projects.vercel.app,cyberguard-4ufw5x4qz-abdulrehman-shaikhs-projects.vercel.app,dpl_2e6D4PZfk2YYh4rEMAGhBq9G2PUQ,3,sfo1,,,,prj_hnXtIg8KpEJxmylSbJ8smlatCedN,,,,,
2026-02-12 14:58:33,1770908313342,cyberguard-ai-coral.vercel.app/assets/index-9ed3ab96.css,GET,,404,smvgc-1770908313342-55c2b704d811,"Mozilla/5.0 (Windows NT 10.0; Win64; x64) AppleWebKit/537.36 (KHTML, like Gecko) Chrome/144.0.0.0 Safari/537.36",,production,main,,static,/404.html,cyberguard-ai-coral.vercel.app,cyberguard-4ufw5x4qz-abdulrehman-shaikhs-projects.vercel.app,dpl_2e6D4PZfk2YYh4rEMAGhBq9G2PUQ,452,dxb1,,,,prj_hnXtIg8KpEJxmylSbJ8smlatCedN,,,,,
2026-02-12 14:58:33,1770908313341,cyberguard-ai-coral.vercel.app/assets/index-bdc8e8c9.js,GET,,404,lxq9k-1770908313341-2809477d4465,"Mozilla/5.0 (Windows NT 10.0; Win64; x64) AppleWebKit/537.36 (KHTML, like Gecko) Chrome/144.0.0.0 Safari/537.36",,production,main,,static,/404.html,cyberguard-ai-coral.vercel.app,cyberguard-4ufw5x4qz-abdulrehman-shaikhs-projects.vercel.app,dpl_2e6D4PZfk2YYh4rEMAGhBq9G2PUQ,453,dxb1,,,,prj_hnXtIg8KpEJxmylSbJ8smlatCedN,,,,,
2026-02-12 14:58:29,1770908309152,cyberguard-4ufw5x4qz-abdulrehman-shaikhs-projects.vercel.app/vite.svg,GET,,404,mr9bm-1770908309152-776b82666f05,vercel-screenshot/1.0,,production,main,,static,/404.html,cyberguard-4ufw5x4qz-abdulrehman-shaikhs-projects.vercel.app,cyberguard-4ufw5x4qz-abdulrehman-shaikhs-projects.vercel.app,dpl_2e6D4PZfk2YYh4rEMAGhBq9G2PUQ,94,sfo1,,,,prj_hnXtIg8KpEJxmylSbJ8smlatCedN,,,,,
2026-02-12 14:58:29,1770908309152,cyberguard-4ufw5x4qz-abdulrehman-shaikhs-projects.vercel.app/vite.svg,GET,,404,5tvg7-1770908309152-58bffe289420,vercel-screenshot/1.0,,production,main,,static,/404.html,cyberguard-4ufw5x4qz-abdulrehman-shaikhs-projects.vercel.app,cyberguard-4ufw5x4qz-abdulrehman-shaikhs-projects.vercel.app,dpl_2e6D4PZfk2YYh4rEMAGhBq9G2PUQ,5,sfo1,,,,prj_hnXtIg8KpEJxmylSbJ8smlatCedN,,,,,
2026-02-12 14:58:29,1770908309042,cyberguard-4ufw5x4qz-abdulrehman-shaikhs-projects.vercel.app/assets/index-9ed3ab96.css,GET,,404,t8rc6-1770908309042-e53c0a797fae,vercel-screenshot/1.0,,production,main,,static,/404.html,cyberguard-4ufw5x4qz-abdulrehman-shaikhs-projects.vercel.app,cyberguard-4ufw5x4qz-abdulrehman-shaikhs-projects.vercel.app,dpl_2e6D4PZfk2YYh4rEMAGhBq9G2PUQ,95,sfo1,,,,prj_hnXtIg8KpEJxmylSbJ8smlatCedN,,,,,
2026-02-12 14:58:29,1770908309031,cyberguard-4ufw5x4qz-abdulrehman-shaikhs-projects.vercel.app/assets/index-bdc8e8c9.js,GET,,404,c6zc4-1770908309031-c79407d9946b,vercel-screenshot/1.0,,production,main,,static,/404.html,cyberguard-4ufw5x4qz-abdulrehman-shaikhs-projects.vercel.app,cyberguard-4ufw5x4qz-abdulrehman-shaikhs-projects.vercel.app,dpl_2e6D4PZfk2YYh4rEMAGhBq9G2PUQ,106,sfo1,,,,prj_hnXtIg8KpEJxmylSbJ8smlatCedN,,,,,
2026-02-12 14:58:28,1770908308928,cyberguard-4ufw5x4qz-abdulrehman-shaikhs-projects.vercel.app/assets/index-bdc8e8c9.js,GET,,404,9r5rb-1770908308928-cba0d92cf85a,vercel-screenshot/1.0,,production,main,,static,/404.html,cyberguard-4ufw5x4qz-abdulrehman-shaikhs-projects.vercel.app,cyberguard-4ufw5x4qz-abdulrehman-shaikhs-projects.vercel.app,dpl_2e6D4PZfk2YYh4rEMAGhBq9G2PUQ,209,sfo1,,,,prj_hnXtIg8KpEJxmylSbJ8smlatCedN,,,,,
2026-02-12 14:58:28,1770908308928,cyberguard-4ufw5x4qz-abdulrehman-shaikhs-projects.vercel.app/assets/index-9ed3ab96.css,GET,,404,5tvg7-1770908308928-527c3d9b40b6,vercel-screenshot/1.0,,production,main,,static,/404.html,cyberguard-4ufw5x4qz-abdulrehman-shaikhs-projects.vercel.app,cyberguard-4ufw5x4qz-abdulrehman-shaikhs-projects.vercel.app,dpl_2e6D4PZfk2YYh4rEMAGhBq9G2PUQ,209,sfo1,,,,prj_hnXtIg8KpEJxmylSbJ8smlatCedN,,,,,
2026-02-12 14:54:27,1770908067104,cyberguard-98t9ljal1-abdulrehman-shaikhs-projects.vercel.app/favicon.png,GET,,404,rhwkw-1770908067104-c8db7666ec7d,vercel-favicon/1.0,,production,main,,static,/404.html,cyberguard-98t9ljal1-abdulrehman-shaikhs-projects.vercel.app,cyberguard-98t9ljal1-abdulrehman-shaikhs-projects.vercel.app,dpl_FUfFdv4HCjZUN3A14P7idrKkRMs9,3,sfo1,,,,prj_hnXtIg8KpEJxmylSbJ8smlatCedN,,,,,
2026-02-12 14:54:27,1770908067096,cyberguard-98t9ljal1-abdulrehman-shaikhs-projects.vercel.app/favicon.ico,GET,,404,rhwkw-1770908067096-9b5296f33d51,vercel-favicon/1.0,,production,main,,static,/404.html,cyberguard-98t9ljal1-abdulrehman-shaikhs-projects.vercel.app,cyberguard-98t9ljal1-abdulrehman-shaikhs-projects.vercel.app,dpl_FUfFdv4HCjZUN3A14P7idrKkRMs9,4,sfo1,,,,prj_hnXtIg8KpEJxmylSbJ8smlatCedN,,,,,
2026-02-12 14:54:24,1770908064296,cyberguard-98t9ljal1-abdulrehman-shaikhs-projects.vercel.app/vite.svg,GET,,404,5tvg7-1770908064296-8f9a4c58c3a7,vercel-screenshot/1.0,,production,main,,static,/404.html,cyberguard-98t9ljal1-abdulrehman-shaikhs-projects.vercel.app,cyberguard-98t9ljal1-abdulrehman-shaikhs-projects.vercel.app,dpl_FUfFdv4HCjZUN3A14P7idrKkRMs9,2,sfo1,,,,prj_hnXtIg8KpEJxmylSbJ8smlatCedN,,,,,
2026-02-12 14:54:24,1770908064285,cyberguard-98t9ljal1-abdulrehman-shaikhs-projects.vercel.app/vite.svg,GET,,404,22f4r-1770908064285-86f71274013c,vercel-screenshot/1.0,,production,main,,static,/404.html,cyberguard-98t9ljal1-abdulrehman-shaikhs-projects.vercel.app,cyberguard-98t9ljal1-abdulrehman-shaikhs-projects.vercel.app,dpl_FUfFdv4HCjZUN3A14P7idrKkRMs9,4,sfo1,,,,prj_hnXtIg8KpEJxmylSbJ8smlatCedN,,,,,
2026-02-12 14:54:24,1770908064185,cyberguard-98t9ljal1-abdulrehman-shaikhs-projects.vercel.app/assets/index-9ed3ab96.css,GET,,404,xxz7b-1770908064185-c954ef29a03a,vercel-screenshot/1.0,,production,main,,static,/404.html,cyberguard-98t9ljal1-abdulrehman-shaikhs-projects.vercel.app,cyberguard-98t9ljal1-abdulrehman-shaikhs-projects.vercel.app,dpl_FUfFdv4HCjZUN3A14P7idrKkRMs9,83,sfo1,,,,prj_hnXtIg8KpEJxmylSbJ8smlatCedN,,,,,
2026-02-12 14:54:24,1770908064185,cyberguard-98t9ljal1-abdulrehman-shaikhs-projects.vercel.app/assets/index-bdc8e8c9.js,GET,,404,q2d4p-1770908064185-47985e2b90f6,vercel-screenshot/1.0,,production,main,,static,/404.html,cyberguard-98t9ljal1-abdulrehman-shaikhs-projects.vercel.app,cyberguard-98t9ljal1-abdulrehman-shaikhs-projects.vercel.app,dpl_FUfFdv4HCjZUN3A14P7idrKkRMs9,83,sfo1,,,,prj_hnXtIg8KpEJxmylSbJ8smlatCedN,,,,,
2026-02-12 14:54:24,1770908064178,cyberguard-98t9ljal1-abdulrehman-shaikhs-projects.vercel.app/assets/index-9ed3ab96.css,GET,,404,dlf44-1770908064178-a83f4acc67ba,vercel-screenshot/1.0,,production,main,,static,/404.html,cyberguard-98t9ljal1-abdulrehman-shaikhs-projects.vercel.app,cyberguard-98t9ljal1-abdulrehman-shaikhs-projects.vercel.app,dpl_FUfFdv4HCjZUN3A14P7idrKkRMs9,90,sfo1,,,,prj_hnXtIg8KpEJxmylSbJ8smlatCedN,,,,,
2026-02-12 14:54:24,1770908064176,cyberguard-98t9ljal1-abdulrehman-shaikhs-projects.vercel.app/assets/index-bdc8e8c9.js,GET,,404,5tvg7-1770908064176-7fc460dce3c6,vercel-screenshot/1.0,,production,main,,static,/404.html,cyberguard-98t9ljal1-abdulrehman-shaikhs-projects.vercel.app,cyberguard-98t9ljal1-abdulrehman-shaikhs-projects.vercel.app,dpl_FUfFdv4HCjZUN3A14P7idrKkRMs9,92,sfo1,,,,prj_hnXtIg8KpEJxmylSbJ8smlatCedN,,,,,
2026-02-12 14:50:52,1770907852384,cyberguard-ai-coral.vercel.app/assets/index-9ed3ab96.css,GET,,404,s87hc-1770907852384-e6a4e6657aef,"Mozilla/5.0 (Windows NT 10.0; Win64; x64) AppleWebKit/537.36 (KHTML, like Gecko) Chrome/144.0.0.0 Safari/537.36",,production,main,,static,/404.html,cyberguard-ai-coral.vercel.app,cyberguard-8b6f38ll3-abdulrehman-shaikhs-projects.vercel.app,dpl_7GdSTA5RMvsfHb9ZqAH5kEuNTqWA,3,dxb1,,,,prj_hnXtIg8KpEJxmylSbJ8smlatCedN,,,,,
2026-02-12 14:50:52,1770907852384,cyberguard-ai-coral.vercel.app/assets/index-bdc8e8c9.js,GET,,404,lxq9k-1770907852384-5290548a49ea,"Mozilla/5.0 (Windows NT 10.0; Win64; x64) AppleWebKit/537.36 (KHTML, like Gecko) Chrome/144.0.0.0 Safari/537.36",,production,main,,static,/404.html,cyberguard-ai-coral.vercel.app,cyberguard-8b6f38ll3-abdulrehman-shaikhs-projects.vercel.app,dpl_7GdSTA5RMvsfHb9ZqAH5kEuNTqWA,221,dxb1,,,,prj_hnXtIg8KpEJxmylSbJ8smlatCedN,,,,,
2026-02-12 14:49:46,1770907786864,cyberguard-ai-coral.vercel.app/assets/index-9ed3ab96.css,GET,,404,bp6rq-1770907786864-a9e5746910b1,"Mozilla/5.0 (Windows NT 10.0; Win64; x64) AppleWebKit/537.36 (KHTML, like Gecko) Chrome/144.0.0.0 Safari/537.36",,production,main,,static,/404.html,cyberguard-ai-coral.vercel.app,cyberguard-8b6f38ll3-abdulrehman-shaikhs-projects.vercel.app,dpl_7GdSTA5RMvsfHb9ZqAH5kEuNTqWA,1,dxb1,,,,prj_hnXtIg8KpEJxmylSbJ8smlatCedN,,,,,
2026-02-12 14:49:46,1770907786859,cyberguard-ai-coral.vercel.app/assets/index-bdc8e8c9.js,GET,,404,bp6rq-1770907786859-9d62d50d741d,"Mozilla/5.0 (Windows NT 10.0; Win64; x64) AppleWebKit/537.36 (KHTML, like Gecko) Chrome/144.0.0.0 Safari/537.36",,production,main,,static,/404.html,cyberguard-ai-coral.vercel.app,cyberguard-8b6f38ll3-abdulrehman-shaikhs-projects.vercel.app,dpl_7GdSTA5RMvsfHb9ZqAH5kEuNTqWA,2,dxb1,,,,prj_hnXtIg8KpEJxmylSbJ8smlatCedN,,,,,
2026-02-12 14:49:32,1770907772271,cyberguard-ai-coral.vercel.app/assets/index-bdc8e8c9.js,GET,,404,lhrgr-1770907772271-3d0221f15761,"Mozilla/5.0 (Windows NT 10.0; Win64; x64) AppleWebKit/537.36 (KHTML, like Gecko) Chrome/144.0.0.0 Safari/537.36",,production,main,,static,/404.html,cyberguard-ai-coral.vercel.app,cyberguard-8b6f38ll3-abdulrehman-shaikhs-projects.vercel.app,dpl_7GdSTA5RMvsfHb9ZqAH5kEuNTqWA,444,dxb1,,,,prj_hnXtIg8KpEJxmylSbJ8smlatCedN,,,,,
2026-02-12 14:49:32,1770907772270,cyberguard-ai-coral.vercel.app/assets/index-9ed3ab96.css,GET,,404,mvf7m-1770907772270-fa3e0593ac96,"Mozilla/5.0 (Windows NT 10.0; Win64; x64) AppleWebKit/537.36 (KHTML, like Gecko) Chrome/144.0.0.0 Safari/537.36",,production,main,,static,/404.html,cyberguard-ai-coral.vercel.app,cyberguard-8b6f38ll3-abdulrehman-shaikhs-projects.vercel.app,dpl_7GdSTA5RMvsfHb9ZqAH5kEuNTqWA,446,dxb1,,,,prj_hnXtIg8KpEJxmylSbJ8smlatCedN,,,,,
2026-02-12 14:49:30,1770907770871,cyberguard-8b6f38ll3-abdulrehman-shaikhs-projects.vercel.app/favicon.png,GET,,404,vj2zp-1770907770871-3c8fd4a78f4a,vercel-favicon/1.0,,production,main,,static,/404.html,cyberguard-8b6f38ll3-abdulrehman-shaikhs-projects.vercel.app,cyberguard-8b6f38ll3-abdulrehman-shaikhs-projects.vercel.app,dpl_7GdSTA5RMvsfHb9ZqAH5kEuNTqWA,4,sfo1,,,,prj_hnXtIg8KpEJxmylSbJ8smlatCedN,,,,,
2026-02-12 14:49:30,1770907770859,cyberguard-8b6f38ll3-abdulrehman-shaikhs-projects.vercel.app/favicon.ico,GET,,404,zjlbt-1770907770859-37e79d20e7ea,vercel-favicon/1.0,,production,main,,static,/404.html,cyberguard-8b6f38ll3-abdulrehman-shaikhs-projects.vercel.app,cyberguard-8b6f38ll3-abdulrehman-shaikhs-projects.vercel.app,dpl_7GdSTA5RMvsfHb9ZqAH5kEuNTqWA,7,sfo1,,,,prj_hnXtIg8KpEJxmylSbJ8smlatCedN,,,,,
2026-02-12 14:49:30,1770907770782,cyberguard-8b6f38ll3-abdulrehman-shaikhs-projects.vercel.app/vite.svg,GET,,404,ctl2j-1770907770782-68597d1d9023,vercel-favicon/1.0,,production,main,,static,/404.html,cyberguard-8b6f38ll3-abdulrehman-shaikhs-projects.vercel.app,cyberguard-8b6f38ll3-abdulrehman-shaikhs-projects.vercel.app,dpl_7GdSTA5RMvsfHb9ZqAH5kEuNTqWA,5,sfo1,,,,prj_hnXtIg8KpEJxmylSbJ8smlatCedN,,,,,
2026-02-12 14:49:23,1770907763900,cyberguard-8b6f38ll3-abdulrehman-shaikhs-projects.vercel.app/vite.svg,GET,,404,v6g7m-1770907763900-b791870c633b,vercel-screenshot/1.0,,production,main,,static,/404.html,cyberguard-8b6f38ll3-abdulrehman-shaikhs-projects.vercel.app,cyberguard-8b6f38ll3-abdulrehman-shaikhs-projects.vercel.app,dpl_7GdSTA5RMvsfHb9ZqAH5kEuNTqWA,4,sfo1,,,,prj_hnXtIg8KpEJxmylSbJ8smlatCedN,,,,,
2026-02-12 14:49:23,1770907763795,cyberguard-8b6f38ll3-abdulrehman-shaikhs-projects.vercel.app/vite.svg,GET,,404,lnkt9-1770907763795-b844a02c251a,vercel-screenshot/1.0,,production,main,,static,/404.html,cyberguard-8b6f38ll3-abdulrehman-shaikhs-projects.vercel.app,cyberguard-8b6f38ll3-abdulrehman-shaikhs-projects.vercel.app,dpl_7GdSTA5RMvsfHb9ZqAH5kEuNTqWA,3,sfo1,,,,prj_hnXtIg8KpEJxmylSbJ8smlatCedN,,,,,
2026-02-12 14:49:23,1770907763780,cyberguard-8b6f38ll3-abdulrehman-shaikhs-projects.vercel.app/assets/index-9ed3ab96.css,GET,,404,g6sjp-1770907763780-d633eb38b899,vercel-screenshot/1.0,,production,main,,static,/404.html,cyberguard-8b6f38ll3-abdulrehman-shaikhs-projects.vercel.app,cyberguard-8b6f38ll3-abdulrehman-shaikhs-projects.vercel.app,dpl_7GdSTA5RMvsfHb9ZqAH5kEuNTqWA,98,sfo1,,,,prj_hnXtIg8KpEJxmylSbJ8smlatCedN,,,,,
2026-02-12 14:49:23,1770907763780,cyberguard-8b6f38ll3-abdulrehman-shaikhs-projects.vercel.app/assets/index-bdc8e8c9.js,GET,,404,cg4m8-1770907763780-f64454b15d1f,vercel-screenshot/1.0,,production,main,,static,/404.html,cyberguard-8b6f38ll3-abdulrehman-shaikhs-projects.vercel.app,cyberguard-8b6f38ll3-abdulrehman-shaikhs-projects.vercel.app,dpl_7GdSTA5RMvsfHb9ZqAH5kEuNTqWA,6,sfo1,,,,prj_hnXtIg8KpEJxmylSbJ8smlatCedN,,,,,
2026-02-12 14:49:23,1770907763695,cyberguard-8b6f38ll3-abdulrehman-shaikhs-projects.vercel.app/assets/index-bdc8e8c9.js,GET,,404,g6sjp-1770907763695-8140dd91af6c,vercel-screenshot/1.0,,production,main,,static,/404.html,cyberguard-8b6f38ll3-abdulrehman-shaikhs-projects.vercel.app,cyberguard-8b6f38ll3-abdulrehman-shaikhs-projects.vercel.app,dpl_7GdSTA5RMvsfHb9ZqAH5kEuNTqWA,88,sfo1,,,,prj_hnXtIg8KpEJxmylSbJ8smlatCedN,,,,,
2026-02-12 14:49:23,1770907763694,cyberguard-8b6f38ll3-abdulrehman-shaikhs-projects.vercel.app/assets/index-9ed3ab96.css,GET,,404,lnkt9-1770907763694-0751da43430f,vercel-screenshot/1.0,,production,main,,static,/404.html,cyberguard-8b6f38ll3-abdulrehman-shaikhs-projects.vercel.app,cyberguard-8b6f38ll3-abdulrehman-shaikhs-projects.vercel.app,dpl_7GdSTA5RMvsfHb9ZqAH5kEuNTqWA,87,sfo1,,,,prj_hnXtIg8KpEJxmylSbJ8smlatCedN,,,,,
2026-02-12 14:48:37,1770907717728,cyberguard-ai-coral.vercel.app/assets/index-9ed3ab96.css,GET,,404,2xbxb-1770907717728-f49e9984cce4,"Mozilla/5.0 (Windows NT 10.0; Win64; x64) AppleWebKit/537.36 (KHTML, like Gecko) Chrome/144.0.0.0 Safari/537.36",,production,main,,static,/404.html,cyberguard-ai-coral.vercel.app,cyberguard-cfexesaeg-abdulrehman-shaikhs-projects.vercel.app,dpl_5776XmEkhVeEfnP7yrGRiMs981Ne,231,dxb1,,,,prj_hnXtIg8KpEJxmylSbJ8smlatCedN,,,,,
2026-02-12 14:48:37,1770907717723,cyberguard-ai-coral.vercel.app/assets/index-bdc8e8c9.js,GET,,404,sqfs5-1770907717723-8cdb6d8f7425,"Mozilla/5.0 (Windows NT 10.0; Win64; x64) AppleWebKit/537.36 (KHTML, like Gecko) Chrome/144.0.0.0 Safari/537.36",,production,main,,static,/404.html,cyberguard-ai-coral.vercel.app,cyberguard-cfexesaeg-abdulrehman-shaikhs-projects.vercel.app,dpl_5776XmEkhVeEfnP7yrGRiMs981Ne,219,dxb1,,,,prj_hnXtIg8KpEJxmylSbJ8smlatCedN,,,,,
2026-02-12 14:46:00,1770907560743,cyberguard-cfexesaeg-abdulrehman-shaikhs-projects.vercel.app/favicon.png,GET,,404,74hr9-1770907560743-eb157eaf28f4,vercel-favicon/1.0,,production,main,,static,/404.html,cyberguard-cfexesaeg-abdulrehman-shaikhs-projects.vercel.app,cyberguard-cfexesaeg-abdulrehman-shaikhs-projects.vercel.app,dpl_5776XmEkhVeEfnP7yrGRiMs981Ne,4,sfo1,,,,prj_hnXtIg8KpEJxmylSbJ8smlatCedN,,,,,
2026-02-12 14:46:00,1770907560723,cyberguard-cfexesaeg-abdulrehman-shaikhs-projects.vercel.app/favicon.ico,GET,,404,xltph-1770907560723-3c001ef8dd0a,vercel-favicon/1.0,,production,main,,static,/404.html,cyberguard-cfexesaeg-abdulrehman-shaikhs-projects.vercel.app,cyberguard-cfexesaeg-abdulrehman-shaikhs-projects.vercel.app,dpl_5776XmEkhVeEfnP7yrGRiMs981Ne,7,sfo1,,,,prj_hnXtIg8KpEJxmylSbJ8smlatCedN,,,,,
2026-02-12 14:46:00,1770907560645,cyberguard-cfexesaeg-abdulrehman-shaikhs-projects.vercel.app/vite.svg,GET,,404,4vhtn-1770907560645-b764caae73d6,vercel-favicon/1.0,,production,main,,static,/404.html,cyberguard-cfexesaeg-abdulrehman-shaikhs-projects.vercel.app,cyberguard-cfexesaeg-abdulrehman-shaikhs-projects.vercel.app,dpl_5776XmEkhVeEfnP7yrGRiMs981Ne,9,sfo1,,,,prj_hnXtIg8KpEJxmylSbJ8smlatCedN,,,,,
2026-02-12 14:45:49,1770907549243,cyberguard-cfexesaeg-abdulrehman-shaikhs-projects.vercel.app/vite.svg,GET,,404,xlnrm-1770907549243-d7e02cea166f,vercel-screenshot/1.0,,production,main,,static,/404.html,cyberguard-cfexesaeg-abdulrehman-shaikhs-projects.vercel.app,cyberguard-cfexesaeg-abdulrehman-shaikhs-projects.vercel.app,dpl_5776XmEkhVeEfnP7yrGRiMs981Ne,2,sfo1,,,,prj_hnXtIg8KpEJxmylSbJ8smlatCedN,,,,,
2026-02-12 14:45:49,1770907549242,cyberguard-cfexesaeg-abdulrehman-shaikhs-projects.vercel.app/vite.svg,GET,,404,z2zkj-1770907549242-41165dff061a,vercel-screenshot/1.0,,production,main,,static,/404.html,cyberguard-cfexesaeg-abdulrehman-shaikhs-projects.vercel.app,cyberguard-cfexesaeg-abdulrehman-shaikhs-projects.vercel.app,dpl_5776XmEkhVeEfnP7yrGRiMs981Ne,2,sfo1,,,,prj_hnXtIg8KpEJxmylSbJ8smlatCedN,,,,,
2026-02-12 14:45:49,1770907549158,cyberguard-cfexesaeg-abdulrehman-shaikhs-projects.vercel.app/assets/index-9ed3ab96.css,GET,,404,xlnrm-1770907549158-97ff257073dd,vercel-screenshot/1.0,,production,main,,static,/404.html,cyberguard-cfexesaeg-abdulrehman-shaikhs-projects.vercel.app,cyberguard-cfexesaeg-abdulrehman-shaikhs-projects.vercel.app,dpl_5776XmEkhVeEfnP7yrGRiMs981Ne,65,sfo1,,,,prj_hnXtIg8KpEJxmylSbJ8smlatCedN,,,,,
2026-02-12 14:45:49,1770907549156,cyberguard-cfexesaeg-abdulrehman-shaikhs-projects.vercel.app/assets/index-bdc8e8c9.js,GET,,404,62rx2-1770907549156-62df46e56077,vercel-screenshot/1.0,,production,main,,static,/404.html,cyberguard-cfexesaeg-abdulrehman-shaikhs-projects.vercel.app,cyberguard-cfexesaeg-abdulrehman-shaikhs-projects.vercel.app,dpl_5776XmEkhVeEfnP7yrGRiMs981Ne,66,sfo1,,,,prj_hnXtIg8KpEJxmylSbJ8smlatCedN,,,,,
2026-02-12 14:45:49,1770907549133,cyberguard-cfexesaeg-abdulrehman-shaikhs-projects.vercel.app/assets/index-9ed3ab96.css,GET,,404,xpknf-1770907549133-8d912524a3d3,vercel-screenshot/1.0,,production,main,,static,/404.html,cyberguard-cfexesaeg-abdulrehman-shaikhs-projects.vercel.app,cyberguard-cfexesaeg-abdulrehman-shaikhs-projects.vercel.app,dpl_5776XmEkhVeEfnP7yrGRiMs981Ne,89,sfo1,,,,prj_hnXtIg8KpEJxmylSbJ8smlatCedN,,,,,
2026-02-12 14:45:49,1770907549132,cyberguard-cfexesaeg-abdulrehman-shaikhs-projects.vercel.app/assets/index-bdc8e8c9.js,GET,,404,z2zkj-1770907549132-b32c0e335784,vercel-screenshot/1.0,,production,main,,static,/404.html,cyberguard-cfexesaeg-abdulrehman-shaikhs-projects.vercel.app,cyberguard-cfexesaeg-abdulrehman-shaikhs-projects.vercel.app,dpl_5776XmEkhVeEfnP7yrGRiMs981Ne,90,sfo1,,,,prj_hnXtIg8KpEJxmylSbJ8smlatCedN,,,,,
